"","CountryID","Country.Name","WEBNAME","Region","World.Rank","Region.Rank","X2014.Score","Change.in.Yearly.Score.from.2013","Property.Rights","Change.in.Property.Rights.from.2013","Freedom.from.Corruption","Change.in.Freedom.from.Corruption.from.2013","Fiscal.Freedom.","Change.in.Fiscal.Freedom.from.2013","Gov.t.Spending","Change.in.Gov.t.Spending.from.2013","Business.Freedom","Change.in.Business.Freedom.from.2013","Labor.Freedom","Change.in.Labor.Freedom.from.2013","Monetary.Freedom","Change.in.Monetary.Freedom.from.2013","Trade.Freedom","Change.in.Trade.Freedom.from.2013","Investment.Freedom.","Change.in.Investment.Freedom.from.2013","Financial.Freedom","Change.in.Financial.Freedom.from.2013","Tariff.Rate....","Income.Tax.Rate....","Corporate.Tax.Rate....","Tax.Burden...of.GDP","Gov.t.Expenditure...of.GDP.","Country","Population..Millions.","GDP..Billions..PPP.","GDP.Growth.Rate....","X5.Year.GDP.Growth.Rate....","GDP.per.Capita..PPP.","Unemployment....","Inflation....","FDI.Inflow..Millions.","Public.Debt....of.GDP."
"1",1,"Afghanistan","Afghanistan","Asia-Pacific","N/A","N/A","N/A","N/A","N/A","N/A","10,0","-5,0","91,2","N/A","84,2","1,0","63,1","3,4","75,0","-0,8","74,3","4,8","N/A","N/A","65","0,0","N/A","N/A","N/A","20,0","20,0","8,7","23,0","Afghanistan","32,0","$33,7","10,2","9,9","$1.054","35","4,4","93,8","N/A"
"2",2,"Albania","Albania","Europe","54","25","66,9","1,7","30","0,0","30,4","-0,6","92,7","0,1","75,6","0,5","78,1","-2,9","49,7","0,7","80,0","1,6","87,5","7,7","75","10,0","70","0,0","1,3","10,0","10,0","23,0","28,5","Albania","3,2","$26,1","1,3","3,7","$8.052","15,0","2,0","957,0","60,6"
"3",3,"Algeria","Algeria","Middle East / North Africa","146","14","50,8","1,2","30","0,0","28,7","-0,3","80,5","0,1","51,0","6,9","66,3","1,1","48,3","-4,3","67,8","-8,8","60,8","-7,0","45","25,0","30","0,0","12,1","35,0","25,0","10,0","40,4","Algeria","36,5","$272,9","2,5","2,4","$7.477","9,7","8,9","1.484,0","9,9"
"4",4,"Angola","Angola","Sub-Saharan Africa","160","39","47,7","0,4","15","0,0","17,7","-2,3","87,7","5,1","55,3","-5,3","47,5","4,4","40,1","-4,7","63,6","2,1","70,1","-0,1","40","5,0","40","0,0","7,4","17,0","30,0","6,1","38,6","Angola","20,2","$128,3","8,4","6,3","$6.347","N/A","10,3","-6.897,8","29,3"
"5",5,"Argentina","Argentina","South and Central America / Caribbean","166","27","44,6","-2,1","15","0,0","29,5","-0,5","63,5","-0,8","49,9","-2,2","53,9","-6,2","44,9","-2,5","60,0","-0,4","68,9","1,3","30","-10,0","30","0,0","5,6","35,0","35,0","34,6","40,9","Argentina","41,0","$743,1","1,9","5,4","$18.112","7,2","10,0","12.551,1","44,9"
"6",6,"Armenia","Armenia","Europe","41","18","68,9","-0,5","30","0,0","26,7","0,7","86,5","-1,5","81,3","-0,8","83,1","-4,5","78,5","1,4","77,0","4,0","85,5","0,1","70","-5,0","70","0,0","2,3","26,0","20,0","16,7","25,0","Armenia","3,4","$19,6","7,2","1,0","$5.838","19,0","2,5","489,1","39,5"
"7",7,"Australia","Australia","Asia-Pacific","3","3","82,0","-0,6","90","0,0","87,7","-0,3","64,2","-2,2","62,6","-0,2","94,6","-0,9","79,2","-4,3","80,5","-3,3","86,4","0,2","85","5,0","90","0,0","1,8","45,0","30,0","25,6","35,3 ","Australia","22,8","$970,8","3,6","2,5","$42.640","5,2","1,8","56.958,9","27,2"
"8",8,"Austria","Austria","Europe","24","14","72,4","0,6","90","0,0","75,5","-2,5","51,0","-0,1","23,5","-0,0","76,3","2,7","80,5","0,1","79,5","0,2","87,8","1,0","90","5,0","70","0,0","1,1","50,0","25,0","42,1","50,5 ","Austria","8,5","$359,0","0,8","0,6","$42.409","4,4","2,6","6.315,1","73,7"
"9",9,"Azerbaijan","Azerbaijan","Asia-Pacific","81","13","61,3","1,6","20","-5,0","22,7","-1,3","88,1","2,6","64,8","-3,0","73,5","4,3","77,9","-1,5","78,8","5,3","77,2","0,0","60","5,0","50","10,0","3,9","25,0","20,0","12,8","34,2","Azerbaijan","9,2","$96,8","2,2","5,4","$10.478","6,0","1,1","2.004,6","11,6"
"10",10,"Bahamas","Bahamas","South and Central America / Caribbean","36","4","69,8","-0,3","70","0,0","66,6","-6,4","97,3","0,3","84,1","-0,8","70,7","-0,6","81,5","-0,1","75,1","-0,7","52,2","5,2","30","0,0","70","0,0","18,9","0,0","0,0","16,4","23,0","The Bahamas","0,4","$11,1","2,5","-0,6","$31.382","11,0","2,3","1.093,9","51,9"
"11",11,"Bahrain","Bahrain","Middle East / North Africa","13","1","75,1","-0,4","60","5,0","49,4","-1,6","99,9","0,0","71,4","-1,0","76,3","0,5","82,0","-8,4","78,4","5,9","78,6","-4,2","75","0,0","80","0,0","5,7","0,0","0,0","3,1","30,9","Bahrain","1,2","$33,1","3,9","4,0","$28.744","3,4","1,2","891,2","33,7"
"12",12,"Bangladesh","Bangladesh","Asia-Pacific","131","27","54,1","1,5","20","0,0","23,3","-3,7","72,5","-0,2","92,3","0,2","70,8","2,8","51,9","-0,0","65,9","0,5","59,0","5,0","55","0,0","30","10,0","13,0","25,0","45,0","9,9","16,0","Bangladesh","150,0","$306,0","6,1","6,2","$2.039","5,0","8,7","990,0","31,7"
"13",13,"Barbados","Barbados","South and Central America / Caribbean","45","6","68,3","-1,0","80","0,0","77,9","-0,1","74,0","-0,5","49,8","-4,4","72,8","-2,0","78,4","-6,0","74,6","2,5","60,6","0,1","55","0,0","60","0,0","14,7","35,0","25,0","27,4","40,9","Barbados","0,3","$7,1","0,0","-0,6","$25.373","11,0","4,6","356,4","72,6"
"14",14,"Belarus","Belarus","Europe","150","42","50,1","2,1","20","0,0","24,6","0,6","89,2","0,4","61,2","17,7","73,4","-1,8","77,7","0,8","33,9","-6,8","81,4","0,6","30","10,0","10","0,0","1,8","12,0","18,0","24,7","36,0","Belarus","9,4","$146,7","1,5","5,0","$15.634","0,6","59,2","1.441,8","36,9"
"15",15,"Belgium","Belgium","Europe","35","17","69,9","0,7","80","0,0","74,2","-0,8","44,8","-0,3","14,8","0,3","89,9","-1,7","72,7","2,9","79,5","0,2","87,8","1,0","85","5,0","70","0,0","1,1","50,0","33,0","44,0","53,3 ","Belgium","11,1","$420,3","-0,2","0,4","$37.883","7,3","2,6","-1.613,8","99,6"
"16",16,"Belize","Belize","South and Central America / Caribbean","115","21","56,7","-0,6","30","0,0","6,7","6,7","82,1","-0,1","74,2","1,6","71,6","-1,0","67,2","-4,2","77,6","0,3","67,8","-9,4","40","0,0","50","0,0","11,1","25,0","25,0","23,3","29,3","Belize","0,3","$3,0","5,3","2,7","$8.754","16,1","1,4","197,9","78,1"
"17",17,"Benin","Benin","Sub-Saharan Africa","113","18","57,1","-0,5","30","0,0","29,5","-0,5","68,3","-7,8","86,1","-0,0","51,0","5,6","50,5","0,8","75,4","-4,5","60,0","0,7","70","0,0","50","0,0","15,0","45,0","30,0","15,5","21,5","Benin","9,4","$15,6","3,8","3,5","$1.667","N/A","6,7","158,6","32,5"
"18",18,"Bhutan","Bhutan","Asia-Pacific","116","24","56,7","1,7","60","0,0","58,8","1,8","82,9","0,2","57,2","18,4","59,4","-1,1","83,6","-0,8","65,8","-1,5","49,4","-0,1","20","0,0","30","0,0","17,8","25,0","30,0","13,5","37,8","Bhutan","0,7","$5,0","9,7","8,2","$6.665","3,2","9,7","15,9","72,1"
"19",19,"Bolivia","Bolivia","South and Central America / Caribbean","158","25","48,4","0,5","10","0,0","28,1","0,1","87,1","-1,7","62,5","-1,6","53,4","-2,4","29,9","-0,9","70,0","2,6","77,6","3,3","15","5,0","50","0,0","3,7","13,0","25,0","22,2","35,4","Bolivia","10,8","$55,2","5,2","4,8","$5.099","5,4","4,5","1.060,0","33,1"
"20",20,"Bosnia and Herzegovina","BosniaHerzegovina","Europe","101","38","58,4","1,1","20","0,0","33,9","1,9","82,9","-0,3","27,4","0,5","55,5","1,2","62,4","1,2","80,1","1,1","86,9","0,5","75","5,0","60","0,0","1,5","10,0","10,0","38,9","49,2","Bosnia and Herzegovina","3,9","$31,9","-0,7","0,8","$8.216","28,0","2,0","632,9","44,3"
"21",21,"Botswana","Botswana","Sub-Saharan Africa","27","2","72,0","1,4","70","0,0","61,2","0,2","81,0","1,5","69,8","4,7","68,5","-0,5","69,7","-0,1","72,4","0,4","82,7","3,0","75","5,0","70","0,0","3,6","25,0","22,0","28,1","31,8","Botswana","1,9","$31,5","3,8","2,7","$16.820","17,8","7,5","292,5","14,9"
"22",22,"Brazil","Brazil","South and Central America / Caribbean","114","20","56,9","-0,8","50","0,0","37,9","-0,1","68,8","-1,5","54,1","-0,7","53,8","0,8","49,8","-7,4","69,9","-4,5","69,3","-0,4","55","5,0","60","0,0","7,9","27,5","34,0","34,8","39,1","Brazil","198,4","$2.355,6","0,9","3,2","$11.875","5,5","5,4","65.271,9","68,5"
"23",23,"Bulgaria","Bulgaria","Europe","61","28","65,7","0,7","30","0,0","35,2","2,2","91,2","-2,8","64,5","0,3","73,5","-0,1","80,2","5,4","79,6","1,0","87,8","1,0","55","0,0","60","0,0","1,1","10,0","10,0","26,1","34,4","Bulgaria","7,3","$103,8","0,8","0,7","$14.312","12,4","2,4","1.899,4","18,5"
"24",24,"Burkina Faso","BurkinaFaso","Sub-Saharan Africa","98","13","58,9","-1,0","30","0,0","31,3","1,3","83,0","1,6","82,3","0,3","60,7","-0,5","55,0","-1,4","78,8","-1,8","67,8","-4,7","60","5,0","40","-10,0","8,6","27,5","27,5","13,7","24,3","Burkina Faso","17,4","$24,3","8,0","5,7","$1.399","77,0","3,6","40,1","27,7"
"25",25,"Burma","Burma","Asia-Pacific","162","36","46,5","7,3","10","0,0","11,6","-3,4","86,9","5,0","89,2","-7,6","28,3","8,3","75,7","55,7","64,8","-0,3","73,6","0,0","15","15,0","10","0,0","3,2","20,0","30,0","3,7","19,0","Burma","63,7","$89,5","6,3","5,2","$1.405","4,0","6,1","2.243,0","47,5"
"26",26,"Burundi","Burundi","Sub-Saharan Africa","141","31","51,4","2,4","20","0,0","15,9","-3,1","73,5","2,0","51,9","29,3","59,8","1,4","63,1","-3,3","68,2","-0,5","71,8","-7,1","60","5,0","30","0,0","6,6","35,0","35,0","14,3","40,0","Burundi","8,8","$5,5","4,0","4,1","$625","N/A","11,8","0,6","32,0"
"27",27,"Cambodia","Cambodia","Asia-Pacific","108","23","57,4","-1,1","30","0,0","18,7","-2,3","90,8","-0,1","88,4","0,0","36,6","-2,8","50,2","-4,0","77,9","-3,4","71,0","0,8","60","0,0","50","0,0","9,5","20,0","20,0","10,9","19,6","Cambodia","15,3","$36,6","6,5","5,2","$2.402","0,0","2,9","1.557,1","28,5"
"28",28,"Cameroon","Cameroon","Sub-Saharan Africa","136","29","52,6","0,3","30","0,0","21,9","-3,1","71,7","2,4","86,0","-1,1","45,0","-1,8","56,1","0,6","69,4","-0,5","61,2","6,3","35","0,0","50","0,0","11,9","35,0","38,5","11,0","21,6","Cameroon","21,5","$50,8","4,7","3,5","$2.366","30,0","3,0","507,0","14,9"
"29",29,"Canada","Canada","North America","6","1","80,2","0,8","90","0,0","87,7","0,7","79,7","-0,1","47,3","2,5","89,3","-2,4","83,1","0,8","76,3","1,1","88,3","0,1","80","5,0","80","0,0","0,9","29,0","15,0","31,0","41,9 ","Canada","34,8","$1.488,3","1,8","1,2","$42.734","7,3","1,5","45.374,8","85,6"
"30",30,"Cape Verde","CapeVerde","Sub-Saharan Africa","60","3","66,1","2,4","70","0,0","54,9","-0,1","77,4","-0,5","68,6","3,2","63,8","4,9","48,0","7,7","79,1","1,1","69,6","2,7","70","5,0","60","0,0","10,2","35,0","25,0","20,2","32,3","Cape Verde","0,5","$2,2","4,3","4,9","$4.133","10,0","2,5","70,9","103,4"
"31",31,"Central African Republic","CentralAfricanRepublic","Sub-Saharan Africa","161","40","46,7","-3,7","10","-10,0","20,6","-1,4","65,1","0,0","92,6","0,2","33,9","-1,3","40,4","-7,5","72,5","-5,6","51,8","-6,0","50","-5,0","30","0,0","16,6","50,0","30,0","9,4","15,7","Central African Republic","4,9","$3,9","4,1","2,8","$800","8,0","5,2","71,2","30,6"
"32",32,"Chad","Chad","Sub-Saharan Africa","167","41","44,5","-0,7","20","0,0","15,9","-4,1","46,2","-4,2","80,0","4,5","24,9","-0,3","43,3","2,8","69,8","-4,8","55,2","-0,4","50","0,0","40","0,0","14,9","60,0","45,0","5,1","25,8","Chad","10,7","$20,7","5,0","3,7","$1.924","N/A","7,7","323,5","34,5"
"33",33,"Chile","Chile","South and Central America / Caribbean","7","1","78,7","-0,3","90","0,0","72,3","0,3","76,5","-1,1","83,8","0,1","69,3","-1,2","69,3","-4,9","84,1","-0,5","82,0","-0,0","90","5,0","70","0,0","4,0","40,0","20,0","18,7","23,2","Chile","17,4","$320,5","5,5","3,8","$18.419","6,5","3,0","30.323,0","11,2"
"34",34,"China","China","Asia-Pacific","137","29","52,5","0,6","20","0,0","35,0","-1,0","69,9","-0,3","82,9","-0,4","49,7","1,7","61,9","-0,7","73,3","1,7","71,8","-0,2","30","5,0","30","0,0","4,1","45,0","25,0","19,0","23,9","China","1354,0","$12.405,7","7,8","9,3","$9.162","4,1","2,7","121.080,0","22,8"
"35",35,"Colombia","Colombia","South and Central America / Caribbean","34","3","70,7","1,1","50","0,0","33,2","-0,8","80,6","4,5","74,9","-0,3","85,2","-5,0","80,5","1,2","78,8","0,1","78,8","6,6","75","5,0","70","0,0","5,6","33,0","25,0","15,1","28,9","Colombia","46,6","$502,9","4,0","4,0","$10.792","10,4","3,2","15.822,9","32,8"
"36",36,"Comoros","Comoros","Sub-Saharan Africa","142","32","51,4","3,9","30","0,0","22,1","-1,9","64,5","-0,2","85,3","2,9","49,4","4,7","50,1","-1,1","74,5","-0,1","72,7","3,9","35","20,0","30","10,0","6,2","30,0","50,0","12,4","22,1","Comoros","0,7","$0,9","2,5","1,9","$1.258","20,0","6,0","17,0","42,6"
"37",37,"Congo, Democratic Republic of the Congo","DemcoraticRepublicCongo","Sub-Saharan Africa","172","44","40,6","1,0","10","0,0","17,6","-2,4","69,4","-2,0","74,6","14,5","30,0","-8,7","38,5","2,2","63,0","6,5","63,0","0,0","20","0,0","20","0,0","11,0","30,0","40,0","23,6","29,1","Democratic Republic of Congo","74,7","$27,6","7,1","6,0","$369","N/A","9,3","3.312,1","36,0"
"38",38,"Congo, Republic of","RepublicCongo","Sub-Saharan Africa","169","43","43,7","0,2","10","0,0","20,6","-1,4","67,5","6,1","79,6","-0,7","35,1","3,6","47,0","2,2","72,0","-2,3","55,6","-5,1","20","0,0","30","0,0","14,7","45,0","34,0","8,4","26,1","Republic of Congo","4,1","$19,1","3,8","5,8","$4.667","53,0","5,0","2.757,9","21,1"
"39",39,"Costa Rica","CostaRica","South and Central America / Caribbean","53","9","66,9","-0,1","50","0,0","50,9","2,9","80,0","-2,9","90,0","-0,1","64,9","6,6","53,3","-7,1","76,3","0,9","83,8","-1,3","70","0,0","50","0,0","3,1","25,0","30,0","21,9","18,2","Costa Rica","4,7","$58,8","5,0","3,1","$12.606","7,5","4,5","2.265,4","34,8"
"40",40,"Côte d'Ivoire","CoeDivoire","Sub-Saharan Africa","107","16","57,7","3,6","30","5,0","22,1","0,1","79,1","1,2","79,8","0,0","55,1","11,8","59,0","4,4","80,6","2,8","71,4","1,1","50","10,0","50","0,0","6,8","36,0","25,0","13,1","25,9","Côte d'Ivoire","23,4","$40,3","9,8","2,6","$1.727","N/A","1,3","478,4","49,1"
"41",41,"Croatia","Croatia","Europe","87","36","60,4","-0,9","40","0,0","41,1","1,1","69,4","-6,0","45,8","-2,9","61,4","-1,6","39,4","-3,0","79,2","-1,9","87,4","-0,1","80","5,0","60","0,0","1,3","40,0","20,0","32,6","42,5","Croatia","4,4","$78,4","-2,0","-1,9","$17.810","15,0","3,4","1.250,6","56,3"
"42",42,"Cuba","Cuba","South and Central America / Caribbean","177","29","28,7","0,2","10","0,0","41,2","-0,8","60,0","-2,7","0,0","0,0","20,0","10,0","20,0","0,0","65,8","-1,6","60,0","-2,7","0","0,0","10","0,0","10,0","50,0","30,0","24,4","66,7","Cuba","N/A","N/A","N/A","N/A","N/A","3,8","N/A","N/A","35,3"
"43",43,"Cyprus","Cyprus","Europe","46","21","67,6","-1,4","70","0,0","64,0","1,0","79,7","-0,1","36,2","3,5","79,7","-1,0","70,2","7,4","78,8","-5,3","82,8","1,0","65","-10,0","50","-10,0","1,1","35,0","10,0","26,5","46,1","Cyprus","0,9","$23,6","-2,4","0,2","$27.086","12,1","3,1","848,6","86,2"
"44",44,"Czech Republic","CzechRepublic","Europe","26","15","72,2","1,3","70","0,0","45,3","1,3","81,7","-0,3","43,8","0,3","70,1","4,3","84,0","-1,5","79,4","-2,3","87,8","1,0","80","10,0","80","0,0","1,1","15,0","19,0","35,3","43,3 ","Czech Republic","10,6","$287,0","-1,2","0,3","$27.191","7,0","3,3","10.592,5","43,1"
"45",45,"Denmark","Denmark","Europe","10","3","76,1","0,0","90","0,0","93,7","-0,3","39,3","-0,5","0,5","-5,4","98,1","-0,3","91,2","0,1","80,0","0,0","87,8","1,0","90","5,0","90","0,0","1,1","56,0","25,0","48,1","57,6 ","Denmark","5,6","$210,1","-0,6","-0,9","$37.657","7,6","2,4","2.883,0","50,1"
"46",46,"Djibouti","Djibouti","Sub-Saharan Africa","118","20","55,9","2,0","30","0,0","30,9","0,9","80,6","1,2","62,8","14,0","42,7","12,7","65,1","5,5","77,2","0,6","54,8","-4,8","65","0,0","50","-10,0","17,6","30,0","25,0","20,3","35,2","Djibouti","0,9","$2,4","4,8","4,7","$2.677","59,0","3,7","100,0","38,6"
"47",47,"Dominica","Dominica","South and Central America / Caribbean","63","12","65,2","1,3","60","0,0","53,5","1,5","72,9","0,9","61,7","11,6","75,0","-2,0","70,7","1,9","85,8","0,5","72,7","-1,6","70","0,0","30","0,0","8,6","35,0","30,0","24,2","35,7","Dominica","0,1","$1,0","0,4","2,0","$14.166","23,0","2,3","19,7","72,2"
"48",48,"Dominican Republic","DominicanRepublic","South and Central America / Caribbean","80","16","61,3","1,6","30","0,0","27,3","1,3","83,7","-0,0","92,3","-0,3","56,1","2,4","55,2","-0,4","75,7","2,8","77,8","0,0","75","10,0","40","0,0","6,1","25,0","29,0","12,9","16,1","Dominican Republic","10,2","$98,7","3,9","5,0","$9.646","13,0","3,7","3.609,6","33,5"
"49",49,"Ecuador","Ecuador","South and Central America / Caribbean","159","26","48,0","1,1","20","0,0","26,0","-1,0","79,8","-0,3","41,8","-5,5","52,8","1,3","52,0","4,0","66,1","-0,8","71,8","3,7","30","10,0","40","0,0","4,1","35,0","22,0","17,6","44,0","Ecuador","15,2","$153,2","5,0","4,7","$10.056","5,3","5,1","586,5","18,6"
"50",50,"Egypt","Egypt","Middle East / North Africa","135","13","52,9","-1,9","20","-15,0","28,6","-0,4","85,6","-0,0","69,6","0,2","62,7","-0,6","45,7","2,4","60,5","2,1","71,4","-2,4","45","-5,0","40","0,0","9,3","25,0","25,0","13,8","31,8","Egypt","82,5","$540,0","2,2","4,2","$6.545","12,3","8,6","2.797,7","80,2"
"51",51,"El Salvador","ElSalvador","South and Central America / Caribbean","59","11","66,2","-0,5","40","0,0","34,3","0,3","79,6","-6,1","85,8","0,4","59,6","-2,2","63,3","1,3","80,0","0,4","79,0","0,0","70","0,0","70","0,0","5,5","30,0","30,0","15,4","21,7","El Salvador","6,2","$46,3","1,6","0,6","$7.438","5,7","1,7","515,8","52,2"
"52",52,"Equatorial Guinea","EquatorialGuinea","Sub-Saharan Africa","168","42","44,4","2,1","10","-5,0","16,6","-2,4","75,5","0,1","62,6","23,3","43,4","-1,0","41,5","-1,6","75,4","2,6","53,8","-5,0","35","10,0","30","0,0","15,6","35,0","35,0","1,5","35,3","Equatorial Guinea","0,7","$19,3","2,0","2,7","$25.929","22,3","5,5","2.115,1","8,2"
"53",53,"Eritrea","Eritrea","Sub-Saharan Africa","174","45","38,5","2,2","10","0,0","22,9","-2,1","57,0","0,0","66,1","11,5","18,6","1,3","63,6","9,0","57,6","2,1","69,1","0,0","0","0,0","20","0,0","5,4","30,0","30,0","50,0","33,6","Eritrea","5,7","$4,4","7,0","2,2","$777","N/A","12,3","73,7","125,8"
"54",54,"Estonia","Estonia","Europe","11","4","75,9","0,6","90","5,0","64,2","0,2","80,4","0,7","56,0","-0,2","77,6","-0,6","55,9","-0,1","76,9","-0,2","87,8","1,0","90","0,0","80","0,0","1,1","21,0","21,0","32,8","38,3 ","Estonia","1,3","$29,1","3,2","-1,0","$21.713","9,8","4,2","1.470,4","8,5"
"55",55,"Ethiopia","Ethiopia","Sub-Saharan Africa","151","35","50,0","0,6","30","0,0","27,0","0,0","77,5","3,3","89,9","0,3","57,8","5,4","54,7","7,8","59,0","-5,7","64,2","0,2","20","-5,0","20","0,0","10,4","35,0","30,0","11,3","18,4","Ethiopia","86,8","$103,3","7,0","8,7","$1.191","N/A","22,8","970,4","21,6"
"56",56,"Fiji","Fiji","Asia-Pacific","99","20","58,7","1,5","25","0,0","20,0","0,0","82,3","4,3","76,2","-1,8","64,9","-0,8","73,1","-1,8","75,2","2,4","70,2","2,2","50","10,0","50","0,0","9,9","29,0","20,0","23,0","28,2","Fiji","0,9","$4,3","2,1","0,8","$4.786","7,0","4,3","267,9","51,6"
"57",57,"Finland","Finland","Europe","19","9","73,4","-0,6","90","0,0","93,4","-0,6","65,1","-1,8","8,9","-3,3","93,6","-1,2","46,5","1,2","78,9","-0,6","87,8","1,0","90","0,0","80","0,0","1,1","31,8","24,5","43,4","55,1 ","Finland","5,4","$197,5","-0,2","-0,6","$36.395","7,7","3,2","-1.805,6","53,3"
"58",58,"France","France","Europe","70","33","63,5","-0,6","80","0,0","69,9","-0,1","48,4","-4,6","5,6","-0,0","79,9","-4,1","51,8","1,3","76,1","-5,0","82,8","1,0","70","5,0","70","0,0","1,1","45,0","34,3","44,2","56,1 ","France","63,4","$2.254,1","0,0","0,0","$35.548","10,2","2,0","25.093,3","90,3"
"59",59,"Gabon","Gabon","Sub-Saharan Africa","105","14","57,8","0,0","40","0,0","29,1","-0,9","74,5","0,3","81,7","1,6","58,9","2,4","63,0","-0,1","75,1","-2,4","61,0","-0,1","55","0,0","40","0,0","14,5","35,0","35,0","10,1","24,7","Gabon","1,5","$25,5","6,2","3,6","$16.548","21,0","3,0","702,4","22,0"
"60",60,"Gambia","Gambia","Sub-Saharan Africa","92","11","59,5","0,7","30","0,0","31,7","-3,3","79,0","3,9","79,8","-2,9","57,4","-2,1","65,8","6,5","71,3","0,2","65,0","4,5","65","0,0","50","0,0","12,5","30,0","32,0","13,2","26,0","The Gambia","1,8","$3,4","3,9","3,6","$1.864","N/A","4,6","78,8","77,2"
"61",61,"Georgia","Georgia","Europe","22","12","72,6","0,4","40","-5,0","42,8","1,8","87,3","-0,9","69,7","0,8","87,8","-2,8","91,2","0,1","78,4","5,8","88,6","-0,6","80","5,0","60","0,0","0,7","20,0","15,0","25,4","31,8","Georgia","4,5","$26,7","6,5","3,6","$5.930","14,6","-0,9","866,1","32,7"
"62",62,"Germany","Germany","Europe","18","8","73,4","0,6","90","0,0","80,1","0,1","61,2","-0,6","38,2","0,9","89,9","-2,2","46,4","2,6","80,8","-0,4","87,8","1,0","90","5,0","70","0,0","1,1","47,5","15,8","37,1","45,4 ","Germany","81,9","$3.197,1","0,9","0,7","$39.028","5,5","2,1","6.564,5","82,0"
"63",63,"Ghana","Ghana","Sub-Saharan Africa","66","5","64,2","2,9","50","0,0","40,4","1,4","85,4","-0,6","83,3","30,8","62,6","1,1","60,2","-1,4","65,8","1,0","64,8","-3,0","70","0,0","60","0,0","10,1","25,0","25,0","14,6","23,6","Ghana","24,9","$82,4","7,0","8,3","$3.305","11,0","9,2","3.294,5","56,5"
"64",64,"Greece","Greece","Europe","119","40","55,7","0,3","40","0,0","33,2","-0,8","65,9","-0,3","19,2","-5,5","75,8","-1,3","53,9","11,8","76,3","2,9","82,8","1,0","60","-5,0","50","0,0","1,1","42,0","26,0","31,2","51,9 ","Greece","11,3","$276,9","-6,4","-4,4","$24.505","24,2","1,0","2.944,9","158,5"
"65",65,"Guatemala","Guatemala","South and Central America / Caribbean","83","17","61,2","1,2","25","-5,0","28,7","1,7","79,6","-0,0","93,6","-0,0","58,4","7,6","49,3","0,6","76,7","1,2","85,4","0,2","65","5,0","50","0,0","2,3","31,0","31,0","10,9","14,6","Guatemala","15,1","$78,7","3,0","2,8","$5.209","4,1","3,8","1.206,6","25,1"
"66",66,"Guinea","Guinea","Sub-Saharan Africa","133","27","53,5","2,3","20","0,0","19,2","-1,8","69,3","-0,3","86,2","3,6","51,8","5,7","73,4","9,6","64,1","1,3","61,2","0,0","50","5,0","40","0,0","11,9","40,0","35,0","15,6","21,5","Guinea","10,9","$12,2","3,9","2,9","$1.121","N/A","15,2","743,8","43,0"
"67",67,"Guinea-Bissau","GuineaBissau","Sub-Saharan Africa","143","33","51,3","0,2","20","0,0","20,2","-1,8","89,0","-0,1","86,6","4,6","40,5","-0,8","61,4","7,4","74,4","1,7","61,4","-3,9","30","-5,0","30","0,0","11,8","20,0","25,0","8,6","21,2","Guinea-Bissau","1,6","$1,9","-1,5","2,7","$1.223","N/A","2,2","16,2","59,8"
"68",68,"Guyana","Guyana","South and Central America / Caribbean","121","22","55,7","1,9","30","0,0","24,4","-0,6","68,4","0,5","71,8","10,7","64,3","-2,0","72,6","-2,8","78,1","2,2","72,0","0,8","45","10,0","30","0,0","6,5","33,3","40,0","21,2","30,6","Guyana","0,8","$6,2","3,3","3,7","$7.939","11,0","3,0","230,9","60,3"
"69",69,"Haiti","Haiti","South and Central America / Caribbean","156","24","48,9","0,8","10","0,0","16,9","-1,1","80,3","-0,4","66,3","-0,0","33,3","-0,1","68,5","4,9","73,6","-0,6","70,4","-4,4","40","10,0","30","0,0","7,3","30,0","30,0","13,1","33,5","Haiti","10,4","$12,9","2,8","1,3","$1.243","40,6","6,8","178,8","15,4"
"70",70,"Honduras","Honduras","South and Central America / Caribbean","112","19","57,1","-1,3","30","0,0","23,7","-2,3","84,9","-0,4","79,8","0,6","55,4","-5,6","26,5","-0,3","75,1","1,2","75,4","-1,7","60","-5,0","60","0,0","7,3","25,0","25,0","16,1","25,9","Honduras","8,2","$37,8","3,3","2,5","$4.610","4,4","5,2","1.058,5","34,7"
"71",71,"Hong Kong SAR","HongKong","Asia-Pacific","1","1","90,1","0,8","90","0,0","82,3","-1,7","93,0","0,1","89,7","0,8","98,9","0,0","95,5","9,3","82,0","-0,1","90,0","0,0","90","0,0","90","0,0","0,0","15,0","16,5","14,2","18,5","Hong Kong","7,2","$369,4","1,4","2,5","$51.494","3,3","4,1","74.584,2","32,4"
"72",72,"Hungary","Hungary","Europe","51","24","67,0","-0,3","60","-5,0","48,6","2,6","81,1","1,4","26,8","-2,9","79,3","0,2","65,7","1,3","75,6","-1,5","87,8","1,0","75","0,0","70","0,0","1,1","16,0","19","35,7","49,4 ","Hungary","10,0","$195,6","-1,7","-1,0","$19.638","11,0","5,7","13.469,0","79,0"
"73",73,"Iceland","Iceland","Europe","23","13","72,4","0,3","90","0,0","84,2","1,2","72,9","0,2","32,9","-3,3","91,2","-0,3","59,1","0,2","76,0","0,2","87,9","0,1","70","5,0","60","0,0","1,0","31,8","20,0","36,0","47,3 ","Iceland","0,3","$12,8","1,6","-1,1","$39.224","5,8","5,2","510,7","99,1"
"74",74,"India","India","Asia-Pacific","120","25","55,7","0,5","50","0,0","31,5","0,5","79,4","1,1","77,8","-0,1","37,7","0,4","74,0","0,4","65,5","0,2","65,6","2,0","35","0,0","40","0,0","7,2","30,9","32,4","7,0","27,2","India","1223,2","$4.684,4","4,0","6,8","$3.830","8,5","9,3","25.542,8","66,8"
"75",75,"Indonesia","Indonesia","Asia-Pacific","100","21","58,5","1,6","30","0,0","28,0","-2,0","83,4","-0,0","89,8","0,6","54,8","4,6","47,8","-3,0","76,4","0,9","74,8","-0,2","40","5,0","60","10,0","2,6","30,0","25,0","11,8","18,5","Indonesia","244,5","$1.216,7","6,2","5,9","$4.977","6,2","4,3","19.852,6","24,0"
"76",76,"Iran","Iran","Middle East / North Africa","173","15","40,3","-2,9","10","0,0","23,4","-3,6","80,6","-0,2","85,9","5,4","62,3","-3,0","41,7","-13,3","47,3","-10,7","41,4","-4,3","0","0,0","10","0,0","21,8","35,0","25,0","9,3","21,7","Iran","76,1","$999,2","-1,9","2,3","$13.127","12,5","30,6","4.869,9","10,7"
"77",77,"Iraq","Iraq","Middle East / North Africa","N/A","N/A","N/A","N/A","N/A","N/A","13,7","-4,3","95,5","N/A","40,3","N/A","56,9","9,9","73,4","3,3","70,0","N/A","N/A","N/A","N/A","N/A","N/A","N/A","N/A","15,0","15,0","1,9","44,6","Iraq","33,7","$238,6","8,4","7,1","$7.080","16,0","6,1","2.549,0","34,2"
"78",78,"Ireland","Ireland","Europe","9","2","76,2","0,5","90","0,0","74,8","-0,2","74,0","0,2","30,6","1,8","83,4","0,0","79,5","2,9","81,7","-1,1","87,8","1,0","90","0,0","70","0,0","1,1","41,0","12,5","27,6","48,1 ","Ireland","4,6","$192,2","0,9","-1,2","$41.921","14,7","1,9","29.318,0","117,1"
"79",79,"Israel","Israel","Middle East / North Africa","44","5","68,4","1,5","75","5,0","59,3","1,3","60,1","-0,1","40,3","1,0","73,2","7,1","63,0","-0,7","80,6","2,0","82,9","-0,1","80","0,0","70","0,0","3,5","48,0","25,0","32,6","44,6 ","Israel","7,7","$248,7","3,1","3,6","$32.312","6,9","1,7","10.414,1","74,6"
"80",80,"Italy","Italy","Europe","86","35","60,9","0,3","50","0,0","38,5","-0,5","55,5","0,0","25,6","0,3","75,5","-1,4","52,5","0,5","78,9","-1,3","87,8","1,0","85","5,0","60","0,0","1,1","43,0","27,5","42,9","49,8 ","Italy","60,8","$1.832,9","-2,4","-1,4","$30.136","10,6","3,3","9.624,9","127,0"
"81",81,"Jamaica","Jamaica","South and Central America / Caribbean","56","10","66,7","-0,1","40","0,0","33,0","-0,0","77,2","-0,3","69,4","1,7","84,6","0,3","75,6","6,3","77,3","1,2","75,1","0,1","85","0,0","50","-10,0","7,5","25,0","33,3","23,4","31,9","Jamaica","2,8","$25,2","0,1","-0,8","$9.159","13,0","7,3","362,2","146,6"
"82",82,"Japan","Japan","Asia-Pacific","25","6","72,4","0,6","80","0,0","77,8","-2,2","69,2","0,0","47,1","2,1","80,0","-1,3","79,8","-0,5","87,5","-3,1","82,4","0,6","70","10,0","50","0,0","1,3","40,8","25,5","27,6","42,0 ","Japan","127,6","$4.627,9","2,0","-0,2","$36.266","4,4","-0,0","1.730,8","237,9"
"83",83,"Jordan","Jordan","Middle East / North Africa","39","4","69,2","-1,2","60","0,0","45,6","0,6","94,0","0,4","66,9","-1,9","62,0","-7,2","72,9","-2,6","81,3","-0,7","79,6","0,0","70","0,0","60","0,0","5,2","14,0","14,0","14,4","33,2","Jordan","6,4","$38,7","2,8","4,1","$6.042","12,2","4,8","1.403,0","79,6"
"84",84,"Kazakhstan","Kazakhstan","Asia-Pacific","67","11","63,7","0,7","30","-5,0","25,7","-1,3","92,9","-0,3","85,0","0,5","74,4","2,6","86,7","-1,7","74,4","2,2","78,2","0,0","40","10,0","50","0,0","3,4","10,0","20,0","14,6","22,3","Kazakhstan","16,7","$231,8","5,0","4,8","$13.893","5,4","5,1","14.022,1","12,3"
"85",85,"Kenya","Kenya","Sub-Saharan Africa","111","17","57,1","1,2","30","0,0","21,0","-1,0","78,0","0,5","74,6","1,1","55,8","-2,2","64,0","6,9","74,9","1,1","72,8","6,1","50","0,0","50","0,0","6,1","30,0","30,0","20,1","29,1","Kenya","42,1","$75,9","4,7","3,8","$1.802","40,0","9,4","258,6","48,2"
"86",86,"Kiribati","Kiribati","Asia-Pacific","164","38","46,3","0,4","30","0,0","29,2","-1,8","71,4","0,2","0,0","0,0","57,0","-2,2","83,6","5,1","81,3","2,9","55,4","0,0","25","0,0","30","0,0","17,3","35,0","35,0","20,2","91,8","Kiribati","0,1","$0,6","2,5","0,3","$5.973","2,0","2,0","-1,7","N/A"
"87",87,"Korea, North ","NorthKorea","Asia-Pacific","178","42","1,0","-0,5","5","0,0","5,0","-5,0","0,0","0,0","0,0","0,0","0,0","0,0","0,0","0,0","0,0","0,0","0,0","0,0","0","0,0","0","0,0","N/A","N/A","N/A","N/A","N/A","Korea, North","24,7","$40,0","0,8","N/A","$1.800","N/A","N/A","79,0","N/A"
"88",88,"Korea, South","SouthKorea","Asia-Pacific","31","8","71,2","0,9","70","0,0","54,0","0,0","72,6","-0,4","72,6","-0,2","92,8","-0,8","47,8","-0,9","79,6","1,7","72,6","-0,0","70","0,0","80","10,0","8,7","38,5","24,2","25,9","30,2 ","Korea, South","50,0","$1.613,9","2,0","2,9","$32.272","3,3","2,2","9.904,0","33,7"
"89",89,"Kuwait","Kuwait","Middle East / North Africa","76","7","62,3","-0,8","50","0,0","43,7","-2,3","97,7","-2,2","55,6","-5,9","57,7","0,0","63,6","0,8","73,2","1,6","76,7","-0,1","55","0,0","50","0,0","4,1","0,0","15,0","0,8","38,5","Kuwait","3,8","$151,0","5,1","0,8","$39.889","2,1","2,9","1.851,1","7,3"
"90",90,"Kyrgyz Republic","KyrgyzRepublic","Asia-Pacific","85","15","61,1","1,5","20","0,0","19,2","-1,8","94,6","-0,2","60,2","3,8","74,2","1,0","83,8","-4,8","73,7","7,0","75,2","-0,2","60","10,0","50","0,0","2,4","10,0","10,0","18,5","36,4","Kyrgyz Republic","5,6","$13,3","-0,9","3,0","$2.376","7,7","2,8","372,2","48,9"
"91",91,"Lao P.D.R.","Laos","Asia-Pacific","144","31","51,2","1,1","15","0,0","18,6","-3,4","86,6","6,9","86,7","0,9","60,7","-1,4","54,9","0,2","75,5","2,5","58,6","-0,1","35","5,0","20","0,0","13,2","24,0","24,0","13,7","21,0","Laos","6,4","$19,2","8,3","8,0","$3.011","2,5","4,3","294,4","53,1"
"92",92,"Latvia","Latvia","Europe","42","19","68,7","2,2","50","0,0","43,6","1,6","84,6","0,2","54,9","1,3","82,5","6,8","68,5","4,1","79,7","1,4","87,8","1,0","85","5,0","50","0,0","1,1","24,0","15,0","27,2","38,8","Latvia","2,0","$37,3","5,6","-2,6","$18.255","14,9","2,3","987,6","36,4"
"93",93,"Lebanon","Lebanon","Middle East / North Africa","96","9","59,4","-0,1","20","0,0","24,5","-0,5","90,9","0,1","73,7","-0,9","55,6","5,3","58,7","1,5","74,5","-2,0","75,8","-4,6","60","0,0","60","0,0","7,1","20,0","15,0","17,0","29,6","Lebanon","4,0","$63,2","1,5","5,5","$15.757","N/A","6,6","3.787,5","139,5"
"94",94,"Lesotho","Lesotho","Sub-Saharan Africa","154","37","49,5","1,6","40","0,0","37,1","2,1","67,4","19,2","0,0","0,0","54,0","-9,7","62,4","-0,4","75,5","-0,2","68,6","-0,5","50","5,0","40","0,0","10,7","35,0","25,0","37,6","63,1","Lesotho","1,9","$4,1","4,0","5,2","$2.138","25,0","5,3","172,3","41,9"
"95",95,"Liberia","Liberia","Sub-Saharan Africa","138","30","52,4","3,1","30","0,0","33,8","1,8","83,6","7,0","70,5","-7,3","62,3","5,8","47,0","-0,2","72,9","0,9","64,1","2,7","40","20,0","20","0,0","10,4","25,0","25,0","19,8","31,4","Liberia","4,0","$2,7","8,3","6,8","$673","85,0","6,8","1.354,1","29,1"
"96",96,"Libya","Libya","Middle East / North Africa","N/A","N/A","N/A","N/A","10","0,0","18,3","-1,7","95,0","N/A","0,0","N/A","50,1","N/A","77,9","N/A","66,9","2,1","N/A","N/A","5","-5,0","20","0,0","N/A","10,0","20,0","1,0","66,6","Libya","6,4","$77,4","104,5","-3,7","$12.066","30,0","6,1","N/A","0,0"
"97",97,"Liechtenstein","Liechtenstein","Europe","N/A","N/A","N/A","N/A","N/A","N/A","N/A","N/A","N/A","N/A","N/A","N/A","N/A","N/A","N/A","N/A","N/A","N/A","90,0","0,0","85","N/A","80","0,0","0,0","7,0","12,5","N/A","N/A","Liechtenstein","37.009","$3,2","-0,5","N/A","$89.400","2,5","0,2","N/A","N/A"
"98",98,"Lithuania","Lithuania","Europe","21","11","73,0","0,9","60","0,0","49,9","1,9","92,9","0,1","55,9","2,3","85,7","8,1","59,0","-5,1","78,6","0,3","87,8","1,0","80","0,0","80","0,0","1,1","15,0","15,0","16,0","38,3","Lithuania","3,0","$65,0","3,6","-0,5","$21.615","13,2","3,2","835,1","39,6"
"99",99,"Luxembourg","Luxembourg","Europe","16","7","74,2","0,0","90","0,0","84,1","-0,9","62,8","-2,2","47,6","0,5","72,6","-2,2","43,1","4,1","78,9","-0,4","87,8","1,0","95","0,0","80","0,0","1,1","43,6","21,0","37,1","41,8 ","Luxembourg","0,5","$42,2","0,1","-0,1","$79.785","6,0","2,9","27.877,7","21,1"
"100",100,"Macau","Macau","Asia-Pacific","29","7","71,3","-0,4","60","0,0","49,7","-1,3","71,4","-2,1","91,7","0,2","60,0","0,0","55,0","0,0","79,8","-1,5","90,0","0,0","85","0,0","70","0,0","0,0","12,0","39,0","34,5","16,6","Macau","0,6","$43,6","9,9","N/A","$78.275","1,9","6,1","1.500,0","N/A"
"101",101,"Macedonia","Macedonia","Europe","43","20","68,6","0,4","35","0,0","39,6","0,6","91,4","0,0","70,7","1,6","81,0","0,7","78,8","0,4","83,5","-0,5","85,9","1,3","60","0,0","60","0,0","2,0","10,0","10,0","25,6","31,3","Macedonia","2,1","$21,9","-0,3","1,9","$10.579","31,3","3,3","134,6","33,3"
"102",102,"Madagascar","Madagascar","Sub-Saharan Africa","79","7","61,7","-0,3","40","0,0","27,3","-2,7","90,8","0,8","92,3","-2,3","62,8","-0,7","43,9","-3,5","77,6","2,7","77,8","3,2","55","0,0","50","0,0","6,1","20,0","20,0","11,1","16,0","Madagascar","22,4","$21,4","1,9","1,4","$955","N/A","6,5","894,7","38,3"
"103",103,"Malawi","Malawi","Sub-Saharan Africa","124","22","55,4","0,1","45","5,0","31,9","1,9","78,0","-0,4","63,0","3,0","38,9","-2,2","60,3","1,5","64,1","-8,4","72,7","0,9","50","0,0","50","0,0","6,2","30,0","30,0","19,9","35,1","Malawi","16,6","$14,3","1,9","6,0","$858","N/A","21,3","129,5","54,9"
"104",104,"Malaysia","Malaysia","Asia-Pacific","37","9","69,6","3,5","55","0,0","44,3","1,3","84,6","-0,5","75,6","2,1","85,6","5,7","78,5","6,2","81,0","1,2","76,4","-0,6","55","10,0","60","10,0","4,3","26,0","25,0","15,3","28,5","Malaysia","29,5","$498,5","5,6","4,2","$16.922","3,0","1,7","10.073,9","55,5"
"105",105,"Maldives","Maldives","Asia-Pacific","145","32","51,0","2,0","20","-5,0","21,9","-3,1","97,4","-1,4","43,8","29,3","87,4","-1,3","71,7","7,7","69,4","-1,0","43,8","0,1","25","-5,0","30","0,0","20,6","0,0","0,0","16,2","43,3","Maldives","0,3","$3,1","3,5","5,1","$9.235","28,0","10,9","284,0","77,5"
"106",106,"Mali","Mali","Sub-Saharan Africa","122","21","55,5","-0,9","20","-10,0","27,7","-0,3","69,8","0,2","81,7","-2,2","48,0","-2,1","63,2","-1,4","76,7","-3,2","73,2","0,0","55","10,0","40","0,0","8,4","40,0","35,0","14,0","24,7","Mali","16,3","$18,0","-1,2","3,3","$1.100","30,0","5,3","310,5","32,0"
"107",107,"Malta","Malta","Europe","58","27","66,4","-1,1","75","0,0","55,8","-0,2","63,7","2,5","47,2","3,1","62,4","1,3","53,2","-12,2","79,1","-1,3","87,8","1,0","80","-5,0","60","0,0","1,1","35,0","35,0","34,4","42,0","Malta","0,4","$11,3","0,8","1,3","$27.022","6,3","3,2","157,2","72,5"
"108",108,"Mauritania","Mauritania","Sub-Saharan Africa","134","28","53,2","0,9","25","0,0","23,9","-0,1","81,7","1,4","75,8","1,1","38,0","-5,3","53,1","2,0","75,5","0,4","69,0","4,2","50","5,0","40","0,0","8,0","30,0","25,0","17,5","28,4","Mauritania","3,6","$7,7","6,4","3,5","$2.122","30,0","4,9","1.204,4","79,7"
"109",109,"Mauritius","Mauritius","Sub-Saharan Africa","8","1","76,5","-0,4","65","-5,0","53,4","2,4","92,2","0,1","81,8","-0,1","74,4","-3,8","78,0","5,7","76,7","1,3","88,6","0,7","85","-5,0","70","0,0","0,7","15,0","15,0","18,3","24,7","Mauritius","1,3","$20,2","3,3","3,9","$15.592","8,0","3,9","360,9","50,3"
"110",110,"Mexico","Mexico","North America","55","3","66,8","-0,2","50","0,0","29,7","-0,3","80,9","-0,2","78,9","-0,5","76,8","-4,6","58,3","-1,4","77,4","-0,3","85,6","5,0","70","0,0","60","0,0","2,2","30,0","30,0","10,6","26,6","Mexico","114,9","$1.758,9","3,9","1,6","$15.312","4,8","4,1","12.659,4","43,5"
"111",111,"Micronesia","Micronesia","Asia-Pacific","153","35","49,8","-0,3","30","0,0","30,0","0,0","97,5","-0,0","0,0","0,0","51,7","-2,4","77,9","-4,6","75,2","-0,9","81,0","0,0","25","5,0","30","0,0","4,5","10,0","3,0","12,0","65,3","Micronesia","0,1","$0,8","1,4","0,9","$7.346","22,0","5,6","0,8","N/A"
"112",112,"Moldova","Moldova","Europe","110","39","57,3","1,8","40","0,0","29,5","0,5","85,8","-1,4","54,4","4,3","70,1","0,4","37,9","-3,0","75,0","1,6","80,1","0,1","50","15,0","50","0,0","2,5","18,0","12,0","30,8","39,0","Moldova","3,6","$12,2","-0,8","2,8","$3.415","5,5","4,7","159,2","23,8"
"113",113,"Mongolia","Mongolia","Asia-Pacific","97","19","58,9","-2,8","30","0,0","28,2","1,2","81,8","-0,7","39,1","-23,5","71,8","1,4","81,1","1,9","72,4","-3,2","74,7","-5,1","50","0,0","60","0,0","5,1","10,0","25,0","33,1","45,1","Mongolia","2,8","$15,2","12,3","8,6","$5.372","6,8","15,0","4.451,8","N/A"
"114",114,"Montenegro","Montenegro","Europe","68","31","63,6","1,0","40","0,0","37,8","-2,2","92,5","0,1","42,6","1,1","77,6","4,9","68,6","-2,8","78,6","-1,3","83,1","0,1","65","10,0","50","0,0","3,5","9,0","9,0","24,2","43,8","Montenegro","0,6","$7,3","0,0","1,3","$11.800","19,1","3,6","609,5","51,1"
"115",115,"Morocco","Morocco","Middle East / North Africa","103","10","58,3","-1,3","40","0,0","33,3","-0,7","71,3","-0,1","64,1","-0,2","76,2","-0,2","31,5","1,4","78,1","-0,8","58,8","-12,0","70","0,0","60","0,0","13,1","38,0","30,0","23,0","34,6","Morocco","32,5","$171,2","3,0","4,4","$5.265","8,8","1,3","2.835,6","59,6"
"116",116,"Mozambique","Mozambique","Sub-Saharan Africa","128","25","55,0","0,0","30","0,0","26,2","-0,8","75,7","-0,5","64,6","0,1","65,2","1,3","36,7","-1,2","80,8","6,1","75,5","0,1","45","-5,0","50","0,0","4,8","32,0","32,0","19,6","34,4","Mozambique","22,5","$26,3","7,5","7,0","$1.169","17,0","2,1","5.218,1","46,6"
"117",117,"Namibia","Namibia","Sub-Saharan Africa","94","12","59,4","-0,9","30","0,0","44,2","0,2","66,9","0,5","58,8","-12,7","64,4","-4,0","81,9","5,2","75,0","0,1","82,9","1,4","50","0,0","40","0,0","1,1","37,0","34,0","28,0","37,0","Namibia","2,2","$16,8","4,0","3,5","$7.772","51,2","6,7","357,5","26,6"
"118",118,"Nepal","Nepal","Asia-Pacific","149","34","50,1","-0,3","30","0,0","21,3","-0,7","85,9","0,1","89,6","0,4","58,5","1,3","43,8","-0,5","76,3","1,2","61,0","0,2","5","-5,0","30","0,0","12,0","25,0","25,0","12,6","18,6","Nepal","31,0","$40,6","4,6","4,8","$1.308","46,0","8,3","92,0","33,1"
"119",119,"Netherlands","Netherlands","Europe","15","6","74,2","0,7","90","0,0","88,0","-1,0","51,7","-0,4","25,6","0,9","89,7","6,7","59,6","1,0","79,9","-1,2","87,8","1,0","90","0,0","80","0,0","1,1","52,0","25,0","38,7","49,8 ","Netherlands","16,8","$707,0","-0,9","-0,0","$42.194","5,3","2,8","-244,1","71,7"
"120",120,"New Zealand","NewZealand","Asia-Pacific","5","4","81,2","-0,2","95","0,0","94,0","-1,0","71,2","-0,3","32,3","-0,9","96,1","-3,8","90,2","0,7","86,3","3,0","86,8","-0,0","80","0,0","80","0,0","1,6","33,0","28,0","31,7","47,5 ","New Zealand","4,4","$132,0","2,5","0,6","$29.730","6,9","1,1","2.911,1","38,2"
"121",121,"Nicaragua","Nicaragua","South and Central America / Caribbean","102","18","58,4","1,8","15","0,0","24,1","-0,9","78,6","-0,1","80,0","14,9","52,6","1,4","60,3","-1,9","72,8","-0,4","85,4","0,0","65","5,0","50","0,0","2,3","30,0","30,0","18,4","25,8","Nicaragua","6,0","$26,7","5,2","3,2","$4.458","7,8","7,9","810,0","52,1"
"122",122,"Niger","Niger","Sub-Saharan Africa","127","24","55,1","1,2","30","0,0","26,0","1,0","76,8","-0,2","88,4","8,3","35,2","0,0","45,4","6,1","88,3","2,9","65,6","-6,1","55","0,0","40","0,0","9,7","35,0","30,0","14,1","19,6","Niger","16,1","$13,1","11,2","6,4","$815","N/A","0,5","793,4","31,1"
"123",123,"Nigeria","Nigeria","Sub-Saharan Africa","129","26","54,3","-0,8","30","0,0","22,7","-1,3","85,0","2,4","74,5","-0,1","48,0","-7,7","66,4","-0,8","73,1","-0,2","63,8","-0,1","40","0,0","40","0,0","10,6","24,0","30,0","4,7","29,2","Nigeria","164,8","$448,1","6,3","6,9","$2.720","23,9","12,2","7.028,9","17,8"
"124",124,"Norway","Norway","Europe","32","16","70,9","0,4","90","0,0","88,1","-1,9","50,6","-0,4","42,2","1,9","90,9","-1,7","44,6","-0,1","78,7","1,8","89,1","-0,2","75","5,0","60","0,0","0,5","47,8","28,0","43,2","43,9 ","Norway","5,0","$277,1","3,0","0,6","$55.009","3,2","0,7","12.774,6","34,1"
"125",125,"Oman","Oman","Middle East / North Africa","48","6","67,4","-0,7","50","0,0","48,2","0,2","98,5","0,0","56,0","-13,1","68,3","0,2","75,5","-5,4","73,6","0,9","78,7","-0,0","65","10,0","60","0,0","3,2","0,0","12,0","2,2","38,3","Oman","3,1","$90,1","5,0","6,3","$29.166","15,0","2,9","1.514,0","6,1"
"126",126,"Pakistan","Pakistan","Asia-Pacific","126","26","55,2","0,1","30","0,0","22,7","-2,3","80,6","0,1","88,3","-0,7","69,4","-1,3","47,3","-0,6","68,5","1,5","64,8","-1,2","40","5,0","40","0,0","10,1","25,0","35,0","9,3","19,8","Pakistan","178,9","$515,4","3,7","3,0","$2.881","7,7","11,0","846,7","62,1"
"127",127,"Panama","Panama","South and Central America / Caribbean","71","13","63,4","0,9","30","0,0","34,0","1,0","84,3","-1,9","78,7","0,9","73,0","0,5","39,4","-0,7","75,1","-0,8","74,2","-0,6","75","10,0","70","0,0","7,9","25,0","25,0","17,8","26,6","Panama","3,7","$57,1","10,7","8,6","$15.617","4,2","5,7","3.019,8","38,8"
"128",128,"Papua New Guinea","PapuaNewGuinea","Asia-Pacific","132","28","53,9","0,3","20","0,0","20,2","-1,8","66,7","-0,7","75,4","3,1","57,0","-1,3","73,7","0,3","75,5","3,1","85,1","0,1","35","0,0","30","0,0","2,5","42,0","30,0","25,8","28,6","Papua New Guinea","6,8","$19,1","9,1","8,1","$2.797","1,9","4,0","28,8","14,1"
"129",129,"Paraguay","Paraguay","South and Central America / Caribbean","78","15","62,0","0,9","30","0,0","20,5","-1,5","96,2","0,3","89,0","3,6","58,0","-1,1","28,9","3,3","80,9","1,1","81,1","-1,6","75","5,0","60","0,0","4,5","10,0","10,0","13,4","19,1","Paraguay","6,7","$40,9","-1,2","3,6","$6.136","5,8","3,8","319,9","11,4"
"130",130,"Peru","Peru","South and Central America / Caribbean","47","7","67,4","-0,8","40","0,0","34,0","-0,0","79,1","-0,8","89,1","-0,0","70,6","-1,7","61,4","-5,7","83,3","-1,0","87,0","2,0","70","0,0","60","0,0","1,5","30,0","30,0","17,0","19,1","Peru","30,5","$326,7","6,3","6,5","$10.719","6,8","3,7","12.239,7","19,8"
"131",131,"Philippines","Philippines","Asia-Pacific","89","16","60,1","1,9","30","0,0","26,1","0,1","79,2","-0,1","92,3","2,1","59,9","6,8","49,7","-1,3","78,0","1,4","75,5","-0,0","60","10,0","50","0,0","4,8","32,0","30,0","12,3","16,0","Philippines","95,8","$424,4","6,6","4,7","$4.430","7,0","3,1","2.797,0","41,9"
"132",132,"Poland","Poland","Europe","50","23","67,0","1,0","60","0,0","54,8","-0,2","76,1","0,1","43,2","0,2","70,1","6,1","60,4","-2,5","77,8","0,1","87,8","1,0","70","5,0","70","0,0","1,1","32,0","19,0","31,7","43,5 ","Poland","38,9","$800,9","2,0","3,4","$20.592","10,3","3,7","3.355,7","55,2"
"133",133,"Portugal","Portugal","Europe","69","32","63,5","0,4","70","0,0","61,1","0,1","60,1","-1,5","26,8","-1,5","84,9","2,1","34,6","3,6","79,3","-0,1","87,8","1,0","70","0,0","60","0,0","1,1","48,0","26,5","31,3","49,4 ","Portugal","10,5","$246,5","-3,2","-1,2","$23.385","15,7","2,8","8.915,5","123,0"
"134",134,"Qatar","Qatar","Middle East / North Africa","30","3","71,2","-0,1","70","0,0","72,4","0,4","99,9","0,1","72,1","-9,1","71,7","2,3","70,0","6,6","81,2","0,9","79,8","-2,7","45","0,0","50","0,0","5,1","0,0","0,0","2,9","30,5","Qatar","1,8","$187,9","6,6","13,1","$102.211","0,5","1,9","326,9","37,8"
"135",135,"Romania","Romania","Europe","62","29","65,5","0,4","40","0,0","37,7","1,7","87,0","-0,9","59,2","-3,0","71,0","0,6","65,2","1,7","77,1","2,4","87,8","1,0","80","0,0","50","0,0","1,1","16,0","16,0","28,0","36,9","Romania","21,3","$273,4","0,3","0,3","$12.808","7,0","3,3","2.242,1","37,0"
"136",136,"Russia","Russia","Europe","140","41","51,9","0,8","25","0,0","22,1","-1,9","85,6","-1,3","61,5","7,1","70,0","0,8","55,8","3,2","69,4","2,7","74,6","-2,8","25","0,0","30","0,0","5,2","13,0","20,0","29,5","35,8","Russia","141,9","$2.513,3","3,4","1,8","$17.709","6,0","5,1","51.416,0","10,9"
"137",137,"Rwanda","Rwanda","Sub-Saharan Africa","65","4","64,7","0,6","30","0,0","46,9","-3,1","80,3","-0,1","78,2","2,3","69,6","4,0","84,1","3,8","74,8","-0,7","77,7","-0,3","65","0,0","40","0,0","6,1","30,0","30,0","13,1","27,0","Rwanda","10,4","$15,5","7,7","8,5","$1.486","N/A","6,3","159,8","28,0"
"138",138,"Saint. Lucia","SaintLucia","South and Central America / Caribbean","33","2","70,7","0,3","70","0,0","70,6","0,6","75,7","-1,2","63,6","0,0","83,1","-2,2","84,5","8,1","82,7","-2,0","71,9","0,0","65","0,0","40","0,0","9,0","30,0","30,0","25,1","34,8","St. Lucia","0,2","$2,2","-0,4","1,3","$13.104","20,0","4,3","112,8","78,4"
"139",139,"Saint. Vincent and the Grenadines","SaintVincentGrenadines","South and Central America / Caribbean","52","8","67,0","0,3","70","0,0","61,1","3,1","73,7","-0,5","72,4","5,3","76,3","-1,3","78,7","2,1","79,8","-0,5","67,6","-5,7","50","0,0","40","0,0","11,2","32,5","33,0","22,1","30,3","St. Vincent and the Grenadines","0,1","$1,3","0,5","-0,8","$11.776","15,0","2,6","125,5","70,2"
"140",140,"Samoa","Samoa","Asia-Pacific","84","14","61,1","4,0","60","0,0","38,0","-1,0","79,9","-0,7","42,2","7,9","73,7","1,3","80,3","-0,1","76,1","-2,4","75,8","9,8","55","25,0","30","0,0","7,1","27,0","27,0","23,4","43,9","Samoa","0,2","$1,1","1,2","0,5","$6.149","N/A","6,2","21,5","N/A"
"141",141,"São Tomé and Príncipe","SaoTomePrincipe","Sub-Saharan Africa","157","38","48,8","0,8","20","0,0","32,5","2,5","86,9","0,0","27,9","-17,4","52,6","-0,9","44,7","6,1","68,3","2,3","75,3","15,3","50","0,0","30","0,0","7,4","20,0","25,0","16,8","49,0","São Tomé and Príncipe","0,2","$0,4","4,0","5,3","$2.337","14,2","10,6","49,5","75,5"
"142",142,"Saudi Arabia","SaudiArabia","Middle East / North Africa","77","8","62,2","1,6","40","0,0","43,7","-0,3","99,7","0,1","63,1","10,9","67,3","-0,9","75,8","6,6","68,7","3,0","74,0","-3,3","40","0,0","50","0,0","5,5","2,5","2,5","3,7","35,1","Saudi Arabia","29,0","$906,8","6,8","6,6","$31.275","10,6","2,9","12.182,0","3,6"
"143",143,"Senegal","Senegal","Sub-Saharan Africa","125","23","55,4","-0,1","40","0,0","29,5","0,5","65,1","-0,1","75,4","-0,2","47,5","-9,2","41,5","0,2","81,8","2,2","73,2","1,0","60","5,0","40","0,0","8,4","50,0","25,0","19,0","28,6","Senegal","13,1","$26,6","3,5","3,3","$2.027","48,0","1,1","337,7","45,0"
"144",144,"Serbia","Serbia","Europe","95","37","59,4","0,8","40","0,0","34,0","1,0","83,1","-1,1","38,6","-1,7","59,3","-0,9","70,1","-0,3","66,9","1,6","77,0","-0,9","75","10,0","50","0,0","6,5","15,0","15,0","35,2","45,2","Serbia","7,6","$78,7","-1,8","0,2","$10.405","23,1","7,3","650,4","63,7"
"145",145,"Seychelles","Seychelles","Sub-Saharan Africa","117","19","56,2","1,3","50","0,0","48,5","0,5","76,8","-0,8","61,8","4,9","67,6","-1,6","68,5","5,0","75,1","-0,5","33,4","0,0","50","5,0","30","0,0","28,3","15,0","33,0","31,7","35,7","Seychelles","0,1","$2,3","2,8","2,2","$25.229","3,7","7,1","114,0","82,5"
"146",146,"Sierra Leone","SierraLeone","Sub-Saharan Africa","148","34","50,5","2,2","15","5,0","24,6","-0,4","80,7","-0,0","85,7","9,8","55,3","3,8","28,7","2,4","70,2","1,7","70,2","0,1","55","0,0","20","0,0","9,9","30,0","30,0","11,5","21,9","Sierra Leone","6,2","$8,3","19,8","7,8","$1.344","N/A","13,8","740,1","44,5"
"147",147,"Singapore","Singapore","Asia-Pacific","2","2","89,4","1,4","90","0,0","91,9","-0,1","91,2","0,1","91,2","-0,1","96,8","-0,3","96,5","5,1","81,5","-0,5","90,0","0,0","85","10,0","80","0,0","0,0","20,0","17,0","13,8","17,1","Singapore","5,4","$326,5","1,3","4,3","$60.410","2,0","4,6","56.650,9","111,0"
"148",148,"Slovak Republic","Slovakia","Europe","57","26","66,4","-2,3","50","0,0","41,8","1,8","80,2","-4,5","56,0","-2,0","67,0","-4,0","53,6","-18,6","78,1","-1,0","87,8","1,0","80","5,0","70","0,0","1,1","25,0","23,0","28,8","38,3 ","Slovakia","5,4","$131,9","2,0","2,0","$24.249","14,0","3,7","2.825,9","52,3"
"149",149,"Slovenia","Slovenia","Europe","74","34","62,7","1,0","60","0,0","61,0","2,0","58,9","-6,8","22,6","0,3","85,4","4,7","51,0","10,6","80,3","-1,3","87,8","1,0","70","0,0","50","0,0","1,1","50,0","16,0","36,8","50,8 ","Slovenia","2,1","$58,0","-2,3","-1,1","$28.195","9,0","2,6","144,8","52,6"
"150",150,"Solomon Islands","SolomonIslands","Asia-Pacific","165","39","46,2","1,2","30","0,0","25,0","-2,0","61,4","-4,8","21,3","15,2","65,2","-1,4","65,2","-1,2","75,4","0,0","73,0","0,4","15","5,0","30","0,0","8,5","40,0","30,0","36,9","51,2","Solomon Islands","0,6","$1,9","5,5","5,1","$3.345","N/A","5,1","69,3","18,2"
"151",151,"South Africa","SouthAfrica","Sub-Saharan Africa","75","6","62,5","0,7","50","0,0","41,6","0,6","68,7","-1,8","69,1","-0,1","74,5","-0,2","54,4","-1,2","75,3","-0,5","76,1","-0,2","55","10,0","60","0,0","4,5","40,0","28,0","27,3","32,1","South Africa","51,2","$582,4","2,5","2,2","$11.375","25,2","5,7","4.572,5","42,3"
"152",152,"Spain","Spain","Europe","49","22","67,2","-0,8","70","0,0","62,6","0,6","54,0","0,1","38,7","-4,3","77,3","-3,0","52,2","-2,1","79,9","-0,0","87,8","1,0","80","0,0","70","0,0","1,1","52,0","30,0","31,6","45,2 ","Spain","46,2","$1.410,6","-1,4","-0,8","$30.557","25,0","2,4","27.749,9","84,1"
"153",153,"Sri Lanka","SriLanka","Asia-Pacific","90","17","60,0","-0,7","40","0,0","33,4","0,4","84,9","0,2","86,3","-0,2","74,4","-2,6","59,2","-1,6","68,0","-1,1","73,6","-2,6","40","0,0","40","0,0","5,7","24,0","28,0","12,4","21,4","Sri Lanka","20,7","$126,3","6,4","6,4","$6.107","4,9","7,5","775,5","77,7"
"154",154,"Sudan","Sudan","Sub-Saharan Africa","N/A","N/A","N/A","N/A","N/A","N/A","9,8","-6,2","85,1","N/A","90,3","0,4","54,5","-2,9","49,1","-16,3","55,8","-8,7","55,6","N/A","15","0,0","N/A","N/A","14,7","15,0","35,0","6,7","17,9","Sudan","33,5","$85,3","-4,4","0,8","$2.545","10,8","35,6","2.466,4","97,6"
"155",155,"Suriname","Suriname","South and Central America / Caribbean","130","23","54,2","2,2","40","0,0","32,9","2,9","69,0","-2,6","78,3","5,8","41,8","1,6","81,8","4,3","71,8","5,1","66,2","-0,1","30","5,0","30","0,0","11,9","38,0","36,0","19,0","26,9","Suriname","0,5","$6,8","4,5","4,1","$12.398","9,0","5,0","70,1","20,5"
"156",156,"Swaziland","Swaziland","Sub-Saharan Africa","82","8","61,2","4,0","40","0,0","31,6","0,6","74,7","0,3","70,9","19,6","64,2","-1,8","71,7","1,4","72,3","-2,4","81,5","11,8","65","10,0","40","0,0","4,2","33,0","30,0","23,3","31,2","Swaziland","1,1","$6,2","-1,5","1,0","$5.782","40,0","8,9","89,6","19,0"
"157",157,"Sweden","Sweden","Europe","20","10","73,1","0,2","90","0,0","92,3","-0,7","42,9","3,3","21,4","0,4","91,1","-2,1","52,9","-0,7","82,5","0,4","87,8","1,0","90","0,0","80","0,0","1,1","57,0","22,0","44,5","51,2 ","Sweden","9,5","$393,0","1,2","1,0","$41.191","7,9","0,9","13.711,4","38,0"
"158",158,"Switzerland","Switzerland","Europe","4","1","81,6","0,6","90","0,0","88,1","0,1","68,9","0,8","65,7","1,9","75,4","-0,4","87,4","-0,5","85,2","-1,0","90,0","0,0","85","5,0","80","0,0","0,0","41,5","24,0","28,5","33,8 ","Switzerland","8,0","$363,4","1,0","1,2","$45.418","2,9","-0,7","3.613,0","49,1"
"159",159,"Syria","Syria","Middle East / North Africa","N/A","N/A","N/A","N/A","10","-10,0","23,3","-2,7","N/A","N/A","N/A","N/A","60,4","1,1","55,1","6,2","N/A","N/A","N/A","N/A","0","-10,0","20","0,0","N/A","22,0","28,0","10,4","N/A","Syria","N/A","$107,6","N/A","N/A","N/A","18,0","40,2","N/A","52,2"
"160",160,"Taiwan ","Taiwan","Asia-Pacific","17","5","73,9","1,2","70","0,0","59,7","-1,3","80,3","-0,2","84,7","-0,2","93,9","-0,4","53,1","-0,2","81,7","-1,2","85,8","0,8","70","5,0","60","10,0","2,1","40,0","17,0","8,8","22,6","Taiwan","23,3","$903,5","1,3","2,9","$38.749","4,2","1,9","3.205,0","40,9"
"161",161,"Tajikistan","Tajikistan","Asia-Pacific","139","30","52,0","-1,4","20","0,0","19,4","-3,6","92,3","-0,5","78,1","-0,0","58,4","-3,3","45,5","-10,0","67,7","3,1","73,2","-5,0","25","5,0","40","0,0","5,9","13,0","15,0","19,5","27,0","Tajikistan","8,0","$17,7","7,5","6,7","$2.229","2,5","5,8","289,9","32,5"
"162",162,"Tanzania","Tanzania","Sub-Saharan Africa","106","15","57,8","-0,1","30","0,0","28,8","-1,2","79,7","-0,2","78,3","0,4","47,0","-1,6","61,1","-0,8","66,0","-5,8","76,8","3,3","60","5,0","50","0,0","6,6","30,0","30,0","15,2","26,9","Tanzania","47,1","$73,9","6,9","6,8","$1.567","N/A","16,0","1.706,0","41,4"
"163",163,"Thailand","Thailand","Asia-Pacific","72","12","63,3","-0,8","45","0,0","33,6","-0,4","79,7","0,8","83,6","-0,1","71,4","-1,8","61,6","-11,3","68,6","0,3","75,0","-0,2","45","5,0","70","0,0","5,0","37,0","20,0","16,2","23,4","Thailand","64,4","$651,9","6,4","2,8","$10.126","0,5","3,0","8.607,5","44,3"
"164",164,"Timor-Leste","TimorLeste","Asia-Pacific","170","40","43,2","-0,5","20","0,0","25,4","1,4","64,7","-0,0","0,0","0,0","45,4","0,6","79,2","-2,0","68,3","-1,0","64,4","-8,6","45","5,0","20","0,0","10,3","10,0","10,0","276,7","139,7","Timor-Leste","1,1","$11,0","10,0","11,5","$9.873","18,4","11,8","42,0","N/A"
"165",165,"Togo","Togo","Sub-Saharan Africa","152","36","49,9","1,1","30","0,0","23,8","-0,2","69,7","1,2","82,4","0,8","43,3","3,4","42,8","-1,4","79,3","0,8","62,8","6,1","35","0,0","30","0,0","11,1","45,0","27,0","16,7","24,2","Togo","6,3","$6,9","5,0","4,0","$1.096","N/A","2,6","166,3","46,7"
"166",166,"Tonga","Tonga","Asia-Pacific","104","22","58,2","2,2","20","0,0","28,6","-2,4","86,7","-0,4","74,8","10,1","74,6","-2,0","91,2","6,8","71,3","0,2","79,5","3,9","35","5,0","20","0,0","5,3","20,0","25,0","17,5","29,0","Tonga","0,1","$0,8","1,4","1,2","$7.548","13,0","4,5","6,6","N/A"
"167",167,"Trinidad and Tobago","TrinidadTobago","South and Central America / Caribbean","73","14","62,7","0,4","50","0,0","34,0","2,0","84,8","-0,1","62,5","2,1","59,4","4,3","76,4","-0,3","71,7","-2,0","78,6","8,7","60","0,0","50","-10,0","5,7","25,0","25,0","16,5","35,4","Trinidad and Tobago","1,3","$26,7","0,4","-0,6","$20.087","5,5","9,3","2.527,1","39,7"
"168",168,"Tunisia","Tunisia","Middle East / North Africa","109","11","57,3","0,3","40","0,0","39,2","1,2","74,3","-0,2","63,8","0,1","80,7","-2,1","72,6","2,5","75,9","-1,9","61,8","3,7","35","0,0","30","0,0","14,1","35,0","30,0","21,1","34,8","Tunisia","10,8","$105,3","3,6","2,5","$9.775","18,9","5,6","1.918,2","44,5"
"169",169,"Turkey","Turkey","Europe","64","30","64,9","2,0","50","0,0","44,0","2,0","77,5","0,5","63,5","-1,4","67,6","-0,6","59,7","16,6","71,8","-1,5","84,5","-0,7","70","5,0","60","0,0","2,7","35,0","20,0","25,0","34,9","Turkey","74,9","$1.123,4","2,6","3,1","$15.001","9,2","8,9","12.419,0","36,4"
"170",170,"Turkmenistan","Turkmenistan","Asia-Pacific","171","41","42,2","-0,4","5","0,0","13,4","-2,6","95,2","1,2","93,0","1,3","30,0","0,0","30,0","0,0","65,9","-4,7","79,2","0,0","0","0,0","10","0,0","2,9","10,0","8,0","17,8","15,2","Turkmenistan","5,6","$48,9","11,0","11,1","$8.718","60,0","4,9","3.159,0","15,8"
"171",171,"Uganda","Uganda","Sub-Saharan Africa","91","10","59,9","-1,2","30","0,0","23,8","-0,2","79,1","-1,5","87,3","3,0","45,1","-3,3","87,4","-0,5","71,0","-6,2","75,4","1,8","60","5,0","40","-10,0","7,3","30,0","30,0","17,0","20,6","Uganda","35,6","$50,4","2,6","5,9","$1.415","N/A","14,1","1.721,2","34,5"
"172",172,"Ukraine","Ukraine","Europe","155","43","49,3","3,0","30","0,0","21,9","-1,1","79,1","0,9","37,5","8,1","59,8","12,2","49,8","-0,1","78,7","7,7","86,2","1,8","20","0,0","30","0,0","1,9","17,0","19,0","38,0","45,6","Ukraine","45,5","$335,2","0,2","-0,9","$7.374","8,0","0,6","7.833,0","37,4"
"173",173,"United Arab Emirates","UnitedArabEmirates","Middle East / North Africa","28","2","71,4","0,3","55","0,0","66,4","-1,6","99,6","-0,3","83,1","-2,0","74,4","0,4","82,9","5,3","84,6","0,7","82,5","-0,1","35","0,0","50","0,0","3,7","0,0","0,0","6,1","23,7","United Arab Emirates","5,5","$271,3","3,9","2,1","$49.012","2,4","0,7","9.602,0","17,6"
"174",174,"United Kingdom","UnitedKingdom","Europe","14","5","74,9","0,1","90","0,0","76,4","-1,6","56,6","-0,4","29,5","1,8","92,0","-2,1","73,1","1,5","73,5","1,1","87,8","1,0","90","0,0","80","0,0","1,1","50,0","24,0","35,5","48,5 ","United Kingdom","63,2","$2.336,3","0,2","-0,4","$36.941","8,0","2,8","62.350,8","90,3"
"175",175,"United States","UnitedStates","North America","12","2","75,5","-0,5","80","-5,0","72,0","1,0","65,8","-3,5","48,1","0,3","89,2","-1,3","97,2","1,7","75,4","0,4","86,8","0,4","70","0,0","70","0,0","1,6","39,6","35,0","25,1","41,6 ","United States","314,2","$15.684,8","2,2","0,6","$49.922","8,1","2,1","167.620,0","106,5"
"176",176,"Uruguay","Uruguay","South and Central America / Caribbean","38","5","69,3","-0,4","70","0,0","70,6","0,6","77,4","-6,8","68,0","-0,3","74,5","1,1","68,1","-2,6","72,1","-0,4","82,5","-0,4","80","5,0","30","0,0","3,8","30,0","25,0","27,2","32,6","Uruguay","3,4","$53,8","3,8","5,6","$15.911","6,1","8,1","2.710,1","53,7"
"177",177,"Uzbekistan","Uzbekistan","Asia-Pacific","163","37","46,5","0,5","15","0,0","13,4","-2,6","90,3","0,1","70,4","2,6","75,7","4,5","60,8","-0,2","63,1","0,1","66,1","0,0","0","0,0","10","0,0","6,9","22,0","9,0","20,2","31,4","Uzbekistan","29,4","$104,7","8,0","8,4","$3.555","0,2","12,1","1.094,0","8,6"
"178",178,"Vanuatu","Vanuatu","Asia-Pacific","93","18","59,5","2,9","40","0,0","33,5","-1,5","97,3","0,0","81,7","1,2","54,8","-1,6","56,8","-0,9","82,7","1,3","48,0","0,0","60","30,0","40","0,0","18,5","0,0","0,0","16,4","24,7","Vanuatu","0,3","$1,2","2,7","3,1","$4.916","1,7","1,4","37,7","20,0"
"179",179,"Venezuela","Venezuela","South and Central America / Caribbean","175","28","36,3","0,2","5","0,0","16,5","-2,5","75,3","-0,3","51,8","1,2","43,4","-2,2","33,7","-0,8","49,7","2,4","62,7","3,9","5","0,0","20","0,0","8,6","34,0","34,0","12,5","40,1","Venezuela","29,5","$401,9","5,5","2,0","$13.616","7,8","21,1","3.216,0","57,3"
"180",180,"Vietnam","Vietnam","Asia-Pacific","147","33","50,8","-0,2","15","0,0","26,9","-2,1","77,0","1,4","71,4","-1,0","62,0","-1,8","68,3","2,8","63,6","-1,7","78,7","0,1","15","0,0","30","0,0","5,7","35,0","25,0","21,1","30,9","Vietnam","90,4","$320,7","5,0","5,9","$3.548","4,5","9,1","8.368,0","52,1"
"181",181,"Yemen","Yemen","Middle East / North Africa","123","12","55,5","-0,4","30","0,0","19,4","-1,6","91,7","0,2","74,9","2,1","59,2","-2,1","54,9","-0,4","62,1","-3,6","82,4","0,9","50","0,0","30","0,0","3,8","20,0","20,0","5,3","28,9","Yemen","25,9","$59,1","0,1","0,8","$2.283","35","11,0","348,8","46,7"
"182",182,"Zambia","Zambia","Sub-Saharan Africa","88","9","60,4","1,7","30","0,0","31,3","-0,7","71,8","-1,1","82,9","2,6","74,9","14,5","50,1","-8,3","68,0","2,0","84,6","2,3","60","5,0","50","0,0","2,7","35,0","35,0","19,3","23,9","Zambia","13,9","$24,0","7,3","6,8","$1.722","14","6,6","1.066,0","26,9"
"183",183,"Zimbabwe","Zimbabwe","Sub-Saharan Africa","176","46","35,5","6,9","10","0,0","19,3","-2,7","63,3","-8,5","64,0","-2,4","34,5","1,1","22,2","0,3","73,0","73,0","54,2","3,8","5","5,0","10","0,0","15,4","46,4","25,0","30,0","34,6","Zimbabwe","13,0","$7,2","4,4","2,5","$559","95","3,7","399,5","60,5"
"184",184,"Somalia","Somalia","Sub-Saharan Africa","N/A","N/A","N/A","N/A","N/A","N/A","5,0","-5,0","N/A","N/A","N/A","N/A","N/A","N/A","N/A","N/A","N/A","N/A","N/A","N/A","N/A","N/A","N/A","N/A","N/A","N/A","N/A","N/A","N/A","Somalia","N/A","N/A","N/A","N/A","N/A","N/A","N/A","107,3","N/A"
"185",185,"Kosovo","Kosovo","Europe","N/A","N/A","N/A","N/A","30","0,0","28,6","-0,4","92,7","-0,8","73,0","0,0","58,1","5,7","71,3","-6,4","72,7","N/A","N/A","N/A","65","0,0","N/A","N/A","N/A","10,0","10,0","23,1","30,0","Kosovo","1,8","$13,4","2,1","4,1","$3.453","45,3","2,5","293,2","5,5"
"186",186,"Brunei Darussalam","Brunei ","Asia-Pacific","40","10","69,0","N/A","40","N/A","53,3","N/A","90,2","N/A","66,1","N/A","68,2","N/A","96,5","N/A","74,2","N/A","81,8","N/A","70","N/A","50","N/A","4,1","0,0","20,0","24,0","33,6","Brunei","0,4","$21,7","1,3","0,5","$54.389","2,7","0,5","850,0","2,4"
